year,prod_area_id,prod_area_name,prod_area_name2,method,organic_discharge_ton
2008,1,Svenskegrensen - Jæren,1: Svenskegrensen - Jæren,Målt ved biokjemisk oksygenforbruk (BOF5) (tonn),46318
2008,2,Ryfylke,2: Ryfylke,Målt ved biokjemisk oksygenforbruk (BOF5) (tonn),54224
2008,3,Karmøy - Sotra,3: Karmøy - Sotra,Målt ved biokjemisk oksygenforbruk (BOF5) (tonn),129896
2008,4,Sotra - Stadt,4: Sotra - Stadt,Målt ved biokjemisk oksygenforbruk (BOF5) (tonn),91896
2008,5,Stad - Hustadvika,5: Stad - Hustadvika,Målt ved biokjemisk oksygenforbruk (BOF5) (tonn),78000
2008,6,Nordmøre - Sør-Trøndelag,6: Nordmøre - Sør-Trøndelag,Målt ved biokjemisk oksygenforbruk (BOF5) (tonn),131319
2008,7,Nord-Trøndelag - Bindal,7: Nord-Trøndelag - Bindal,Målt ved biokjemisk oksygenforbruk (BOF5) (tonn),38023
2008,8,Helgeland - Bodø,8: Helgeland - Bodø,Målt ved biokjemisk oksygenforbruk (BOF5) (tonn),63980
2008,9,Vestfjorden - Vesterålen,9: Vestfjorden - Vesterålen,Målt ved biokjemisk oksygenforbruk (BOF5) (tonn),67179
2008,10,Andfjorden - Senja,10: Andfjorden - Senja,Målt ved biokjemisk oksygenforbruk (BOF5) (tonn),21630
2008,11,Kvaløya - Loppa,11: Kvaløya - Loppa,Målt ved biokjemisk oksygenforbruk (BOF5) (tonn),13905
2008,12,Vest-Finnmark,12: Vest-Finnmark,Målt ved biokjemisk oksygenforbruk (BOF5) (tonn),8226
2008,13,Øst-Finnmark,13: Øst-Finnmark,Målt ved biokjemisk oksygenforbruk (BOF5) (tonn),7312
2008,1,Svenskegrensen - Jæren,1: Svenskegrensen - Jæren,Målt ved kjemisk oksygenforbruk (KOF) (tonn),150152
2008,2,Ryfylke,2: Ryfylke,Målt ved kjemisk oksygenforbruk (KOF) (tonn),167008
2008,3,Karmøy - Sotra,3: Karmøy - Sotra,Målt ved kjemisk oksygenforbruk (KOF) (tonn),440080
2008,4,Sotra - Stadt,4: Sotra - Stadt,Målt ved kjemisk oksygenforbruk (KOF) (tonn),297144
2008,5,Stad - Hustadvika,5: Stad - Hustadvika,Målt ved kjemisk oksygenforbruk (KOF) (tonn),212250
2008,6,Nordmøre - Sør-Trøndelag,6: Nordmøre - Sør-Trøndelag,Målt ved kjemisk oksygenforbruk (KOF) (tonn),425714
2008,7,Nord-Trøndelag - Bindal,7: Nord-Trøndelag - Bindal,Målt ved kjemisk oksygenforbruk (KOF) (tonn),127372
2008,8,Helgeland - Bodø,8: Helgeland - Bodø,Målt ved kjemisk oksygenforbruk (KOF) (tonn),176560
2008,9,Vestfjorden - Vesterålen,9: Vestfjorden - Vesterålen,Målt ved kjemisk oksygenforbruk (KOF) (tonn),185388
2008,10,Andfjorden - Senja,10: Andfjorden - Senja,Målt ved kjemisk oksygenforbruk (KOF) (tonn),62272
2008,11,Kvaløya - Loppa,11: Kvaløya - Loppa,Målt ved kjemisk oksygenforbruk (KOF) (tonn),40032
2008,12,Vest-Finnmark,12: Vest-Finnmark,Målt ved kjemisk oksygenforbruk (KOF) (tonn),22185
2008,13,Øst-Finnmark,13: Øst-Finnmark,Målt ved kjemisk oksygenforbruk (KOF) (tonn),19720
2009,1,Svenskegrensen - Jæren,1: Svenskegrensen - Jæren,Målt ved biokjemisk oksygenforbruk (BOF5) (tonn),61711
2009,2,Ryfylke,2: Ryfylke,Målt ved biokjemisk oksygenforbruk (BOF5) (tonn),85296
2009,3,Karmøy - Sotra,3: Karmøy - Sotra,Målt ved biokjemisk oksygenforbruk (BOF5) (tonn),154191
2009,4,Sotra - Stadt,4: Sotra - Stadt,Målt ved biokjemisk oksygenforbruk (BOF5) (tonn),115308
2009,5,Stad - Hustadvika,5: Stad - Hustadvika,Målt ved biokjemisk oksygenforbruk (BOF5) (tonn),97800
2009,6,Nordmøre - Sør-Trøndelag,6: Nordmøre - Sør-Trøndelag,Målt ved biokjemisk oksygenforbruk (BOF5) (tonn),158996
2009,7,Nord-Trøndelag - Bindal,7: Nord-Trøndelag - Bindal,Målt ved biokjemisk oksygenforbruk (BOF5) (tonn),45041
2009,8,Helgeland - Bodø,8: Helgeland - Bodø,Målt ved biokjemisk oksygenforbruk (BOF5) (tonn),66900
2009,9,Vestfjorden - Vesterålen,9: Vestfjorden - Vesterålen,Målt ved biokjemisk oksygenforbruk (BOF5) (tonn),70245
2009,10,Andfjorden - Senja,10: Andfjorden - Senja,Målt ved biokjemisk oksygenforbruk (BOF5) (tonn),23618
2009,11,Kvaløya - Loppa,11: Kvaløya - Loppa,Målt ved biokjemisk oksygenforbruk (BOF5) (tonn),15183
2009,12,Vest-Finnmark,12: Vest-Finnmark,Målt ved biokjemisk oksygenforbruk (BOF5) (tonn),10323
2009,13,Øst-Finnmark,13: Øst-Finnmark,Målt ved biokjemisk oksygenforbruk (BOF5) (tonn),9176
2009,1,Svenskegrensen - Jæren,1: Svenskegrensen - Jæren,Målt ved kjemisk oksygenforbruk (KOF) (tonn),174877
2009,2,Ryfylke,2: Ryfylke,Målt ved kjemisk oksygenforbruk (KOF) (tonn),246848
2009,3,Karmøy - Sotra,3: Karmøy - Sotra,Målt ved kjemisk oksygenforbruk (KOF) (tonn),519848
2009,4,Sotra - Stadt,4: Sotra - Stadt,Målt ved kjemisk oksygenforbruk (KOF) (tonn),355296
2009,5,Stad - Hustadvika,5: Stad - Hustadvika,Målt ved kjemisk oksygenforbruk (KOF) (tonn),215725
2009,6,Nordmøre - Sør-Trøndelag,6: Nordmøre - Sør-Trøndelag,Målt ved kjemisk oksygenforbruk (KOF) (tonn),478854
2009,7,Nord-Trøndelag - Bindal,7: Nord-Trøndelag - Bindal,Målt ved kjemisk oksygenforbruk (KOF) (tonn),144173
2009,8,Helgeland - Bodø,8: Helgeland - Bodø,Målt ved kjemisk oksygenforbruk (KOF) (tonn),152580
2009,9,Vestfjorden - Vesterålen,9: Vestfjorden - Vesterålen,Målt ved kjemisk oksygenforbruk (KOF) (tonn),160209
2009,10,Andfjorden - Senja,10: Andfjorden - Senja,Målt ved kjemisk oksygenforbruk (KOF) (tonn),57078
2009,11,Kvaløya - Loppa,11: Kvaløya - Loppa,Målt ved kjemisk oksygenforbruk (KOF) (tonn),36693
2009,12,Vest-Finnmark,12: Vest-Finnmark,Målt ved kjemisk oksygenforbruk (KOF) (tonn),22428
2009,13,Øst-Finnmark,13: Øst-Finnmark,Målt ved kjemisk oksygenforbruk (KOF) (tonn),19936
2010,1,Svenskegrensen - Jæren,1: Svenskegrensen - Jæren,Målt ved biokjemisk oksygenforbruk (BOF5) (tonn),69115
2010,2,Ryfylke,2: Ryfylke,Målt ved biokjemisk oksygenforbruk (BOF5) (tonn),96080
2010,3,Karmøy - Sotra,3: Karmøy - Sotra,Målt ved biokjemisk oksygenforbruk (BOF5) (tonn),161150
2010,4,Sotra - Stadt,4: Sotra - Stadt,Målt ved biokjemisk oksygenforbruk (BOF5) (tonn),107328
2010,5,Stad - Hustadvika,5: Stad - Hustadvika,Målt ved biokjemisk oksygenforbruk (BOF5) (tonn),91350
2010,6,Nordmøre - Sør-Trøndelag,6: Nordmøre - Sør-Trøndelag,Målt ved biokjemisk oksygenforbruk (BOF5) (tonn),150229
2010,7,Nord-Trøndelag - Bindal,7: Nord-Trøndelag - Bindal,Målt ved biokjemisk oksygenforbruk (BOF5) (tonn),42560
2010,8,Helgeland - Bodø,8: Helgeland - Bodø,Målt ved biokjemisk oksygenforbruk (BOF5) (tonn),60320
2010,9,Vestfjorden - Vesterålen,9: Vestfjorden - Vesterålen,Målt ved biokjemisk oksygenforbruk (BOF5) (tonn),63336
2010,10,Andfjorden - Senja,10: Andfjorden - Senja,Målt ved biokjemisk oksygenforbruk (BOF5) (tonn),26684
2010,11,Kvaløya - Loppa,11: Kvaløya - Loppa,Målt ved biokjemisk oksygenforbruk (BOF5) (tonn),17154
2010,12,Vest-Finnmark,12: Vest-Finnmark,Målt ved biokjemisk oksygenforbruk (BOF5) (tonn),9108
2010,13,Øst-Finnmark,13: Øst-Finnmark,Målt ved biokjemisk oksygenforbruk (BOF5) (tonn),8096
2010,1,Svenskegrensen - Jæren,1: Svenskegrensen - Jæren,Målt ved kjemisk oksygenforbruk (KOF) (tonn),185255
2010,2,Ryfylke,2: Ryfylke,Målt ved kjemisk oksygenforbruk (KOF) (tonn),271776
2010,3,Karmøy - Sotra,3: Karmøy - Sotra,Målt ved kjemisk oksygenforbruk (KOF) (tonn),533577
2010,4,Sotra - Stadt,4: Sotra - Stadt,Målt ved kjemisk oksygenforbruk (KOF) (tonn),340740
2010,5,Stad - Hustadvika,5: Stad - Hustadvika,Målt ved kjemisk oksygenforbruk (KOF) (tonn),221100
2010,6,Nordmøre - Sør-Trøndelag,6: Nordmøre - Sør-Trøndelag,Målt ved kjemisk oksygenforbruk (KOF) (tonn),462029
2010,7,Nord-Trøndelag - Bindal,7: Nord-Trøndelag - Bindal,Målt ved kjemisk oksygenforbruk (KOF) (tonn),137547
2010,8,Helgeland - Bodø,8: Helgeland - Bodø,Målt ved kjemisk oksygenforbruk (KOF) (tonn),152060
2010,9,Vestfjorden - Vesterålen,9: Vestfjorden - Vesterålen,Målt ved kjemisk oksygenforbruk (KOF) (tonn),159663
2010,10,Andfjorden - Senja,10: Andfjorden - Senja,Målt ved kjemisk oksygenforbruk (KOF) (tonn),73920
2010,11,Kvaløya - Loppa,11: Kvaløya - Loppa,Målt ved kjemisk oksygenforbruk (KOF) (tonn),47520
2010,12,Vest-Finnmark,12: Vest-Finnmark,Målt ved kjemisk oksygenforbruk (KOF) (tonn),21699
2010,13,Øst-Finnmark,13: Øst-Finnmark,Målt ved kjemisk oksygenforbruk (KOF) (tonn),19288
2011,1,Svenskegrensen - Jæren,1: Svenskegrensen - Jæren,Målt ved biokjemisk oksygenforbruk (BOF5) (tonn),60614
2011,2,Ryfylke,2: Ryfylke,Målt ved biokjemisk oksygenforbruk (BOF5) (tonn),75520
2011,3,Karmøy - Sotra,3: Karmøy - Sotra,Målt ved biokjemisk oksygenforbruk (BOF5) (tonn),151075
2011,4,Sotra - Stadt,4: Sotra - Stadt,Målt ved biokjemisk oksygenforbruk (BOF5) (tonn),105564
2011,5,Stad - Hustadvika,5: Stad - Hustadvika,Målt ved biokjemisk oksygenforbruk (BOF5) (tonn),87625
2011,6,Nordmøre - Sør-Trøndelag,6: Nordmøre - Sør-Trøndelag,Målt ved biokjemisk oksygenforbruk (BOF5) (tonn),153500
2011,7,Nord-Trøndelag - Bindal,7: Nord-Trøndelag - Bindal,Målt ved biokjemisk oksygenforbruk (BOF5) (tonn),44268
2011,8,Helgeland - Bodø,8: Helgeland - Bodø,Målt ved biokjemisk oksygenforbruk (BOF5) (tonn),61360
2011,9,Vestfjorden - Vesterålen,9: Vestfjorden - Vesterålen,Målt ved biokjemisk oksygenforbruk (BOF5) (tonn),64428
2011,10,Andfjorden - Senja,10: Andfjorden - Senja,Målt ved biokjemisk oksygenforbruk (BOF5) (tonn),27426
2011,11,Kvaløya - Loppa,11: Kvaløya - Loppa,Målt ved biokjemisk oksygenforbruk (BOF5) (tonn),17631
2011,12,Vest-Finnmark,12: Vest-Finnmark,Målt ved biokjemisk oksygenforbruk (BOF5) (tonn),8973
2011,13,Øst-Finnmark,13: Øst-Finnmark,Målt ved biokjemisk oksygenforbruk (BOF5) (tonn),7976
2011,1,Svenskegrensen - Jæren,1: Svenskegrensen - Jæren,Målt ved kjemisk oksygenforbruk (KOF) (tonn),164974
2011,2,Ryfylke,2: Ryfylke,Målt ved kjemisk oksygenforbruk (KOF) (tonn),232192
2011,3,Karmøy - Sotra,3: Karmøy - Sotra,Målt ved kjemisk oksygenforbruk (KOF) (tonn),549763
2011,4,Sotra - Stadt,4: Sotra - Stadt,Målt ved kjemisk oksygenforbruk (KOF) (tonn),366540
2011,5,Stad - Hustadvika,5: Stad - Hustadvika,Målt ved kjemisk oksygenforbruk (KOF) (tonn),240850
2011,6,Nordmøre - Sør-Trøndelag,6: Nordmøre - Sør-Trøndelag,Målt ved kjemisk oksygenforbruk (KOF) (tonn),547255
2011,7,Nord-Trøndelag - Bindal,7: Nord-Trøndelag - Bindal,Målt ved kjemisk oksygenforbruk (KOF) (tonn),165605
2011,8,Helgeland - Bodø,8: Helgeland - Bodø,Målt ved kjemisk oksygenforbruk (KOF) (tonn),175300
2011,9,Vestfjorden - Vesterålen,9: Vestfjorden - Vesterålen,Målt ved kjemisk oksygenforbruk (KOF) (tonn),184065
2011,10,Andfjorden - Senja,10: Andfjorden - Senja,Målt ved kjemisk oksygenforbruk (KOF) (tonn),81186
2011,11,Kvaløya - Loppa,11: Kvaløya - Loppa,Målt ved kjemisk oksygenforbruk (KOF) (tonn),52191
2011,12,Vest-Finnmark,12: Vest-Finnmark,Målt ved kjemisk oksygenforbruk (KOF) (tonn),24030
2011,13,Øst-Finnmark,13: Øst-Finnmark,Målt ved kjemisk oksygenforbruk (KOF) (tonn),21360
2012,1,Svenskegrensen - Jæren,1: Svenskegrensen - Jæren,Målt ved biokjemisk oksygenforbruk (BOF5) (tonn),64731
2012,2,Ryfylke,2: Ryfylke,Målt ved biokjemisk oksygenforbruk (BOF5) (tonn),116896
2012,3,Karmøy - Sotra,3: Karmøy - Sotra,Målt ved biokjemisk oksygenforbruk (BOF5) (tonn),169861
2012,4,Sotra - Stadt,4: Sotra - Stadt,Målt ved biokjemisk oksygenforbruk (BOF5) (tonn),111180
2012,5,Stad - Hustadvika,5: Stad - Hustadvika,Målt ved biokjemisk oksygenforbruk (BOF5) (tonn),85975
2012,6,Nordmøre - Sør-Trøndelag,6: Nordmøre - Sør-Trøndelag,Målt ved biokjemisk oksygenforbruk (BOF5) (tonn),147159
2012,7,Nord-Trøndelag - Bindal,7: Nord-Trøndelag - Bindal,Målt ved biokjemisk oksygenforbruk (BOF5) (tonn),42423
2012,8,Helgeland - Bodø,8: Helgeland - Bodø,Målt ved biokjemisk oksygenforbruk (BOF5) (tonn),63980
2012,9,Vestfjorden - Vesterålen,9: Vestfjorden - Vesterålen,Målt ved biokjemisk oksygenforbruk (BOF5) (tonn),67179
2012,10,Andfjorden - Senja,10: Andfjorden - Senja,Målt ved biokjemisk oksygenforbruk (BOF5) (tonn),27944
2012,11,Kvaløya - Loppa,11: Kvaløya - Loppa,Målt ved biokjemisk oksygenforbruk (BOF5) (tonn),17964
2012,12,Vest-Finnmark,12: Vest-Finnmark,Målt ved biokjemisk oksygenforbruk (BOF5) (tonn),9783
2012,13,Øst-Finnmark,13: Øst-Finnmark,Målt ved biokjemisk oksygenforbruk (BOF5) (tonn),8696
2012,1,Svenskegrensen - Jæren,1: Svenskegrensen - Jæren,Målt ved kjemisk oksygenforbruk (KOF) (tonn),171406
2012,2,Ryfylke,2: Ryfylke,Målt ved kjemisk oksygenforbruk (KOF) (tonn),307728
2012,3,Karmøy - Sotra,3: Karmøy - Sotra,Målt ved kjemisk oksygenforbruk (KOF) (tonn),569823
2012,4,Sotra - Stadt,4: Sotra - Stadt,Målt ved kjemisk oksygenforbruk (KOF) (tonn),360132
2012,5,Stad - Hustadvika,5: Stad - Hustadvika,Målt ved kjemisk oksygenforbruk (KOF) (tonn),216575
2012,6,Nordmøre - Sør-Trøndelag,6: Nordmøre - Sør-Trøndelag,Målt ved kjemisk oksygenforbruk (KOF) (tonn),510543
2012,7,Nord-Trøndelag - Bindal,7: Nord-Trøndelag - Bindal,Målt ved kjemisk oksygenforbruk (KOF) (tonn),155642
2012,8,Helgeland - Bodø,8: Helgeland - Bodø,Målt ved kjemisk oksygenforbruk (KOF) (tonn),163880
2012,9,Vestfjorden - Vesterålen,9: Vestfjorden - Vesterålen,Målt ved kjemisk oksygenforbruk (KOF) (tonn),172074
2012,10,Andfjorden - Senja,10: Andfjorden - Senja,Målt ved kjemisk oksygenforbruk (KOF) (tonn),76566
2012,11,Kvaløya - Loppa,11: Kvaløya - Loppa,Målt ved kjemisk oksygenforbruk (KOF) (tonn),49221
2012,12,Vest-Finnmark,12: Vest-Finnmark,Målt ved kjemisk oksygenforbruk (KOF) (tonn),24273
2012,13,Øst-Finnmark,13: Øst-Finnmark,Målt ved kjemisk oksygenforbruk (KOF) (tonn),21576
2013,1,Svenskegrensen - Jæren,1: Svenskegrensen - Jæren,Målt ved biokjemisk oksygenforbruk (BOF5) (tonn),80788
2013,2,Ryfylke,2: Ryfylke,Målt ved biokjemisk oksygenforbruk (BOF5) (tonn),131984
2013,3,Karmøy - Sotra,3: Karmøy - Sotra,Målt ved biokjemisk oksygenforbruk (BOF5) (tonn),181592
2013,4,Sotra - Stadt,4: Sotra - Stadt,Målt ved biokjemisk oksygenforbruk (BOF5) (tonn),116256
2013,5,Stad - Hustadvika,5: Stad - Hustadvika,Målt ved biokjemisk oksygenforbruk (BOF5) (tonn),92400
2013,6,Nordmøre - Sør-Trøndelag,6: Nordmøre - Sør-Trøndelag,Målt ved biokjemisk oksygenforbruk (BOF5) (tonn),178272
2013,7,Nord-Trøndelag - Bindal,7: Nord-Trøndelag - Bindal,Målt ved biokjemisk oksygenforbruk (BOF5) (tonn),52465
2013,8,Helgeland - Bodø,8: Helgeland - Bodø,Målt ved biokjemisk oksygenforbruk (BOF5) (tonn),66260
2013,9,Vestfjorden - Vesterålen,9: Vestfjorden - Vesterålen,Målt ved biokjemisk oksygenforbruk (BOF5) (tonn),69573
2013,10,Andfjorden - Senja,10: Andfjorden - Senja,Målt ved biokjemisk oksygenforbruk (BOF5) (tonn),36918
2013,11,Kvaløya - Loppa,11: Kvaløya - Loppa,Målt ved biokjemisk oksygenforbruk (BOF5) (tonn),23733
2013,12,Vest-Finnmark,12: Vest-Finnmark,Målt ved biokjemisk oksygenforbruk (BOF5) (tonn),10044
2013,13,Øst-Finnmark,13: Øst-Finnmark,Målt ved biokjemisk oksygenforbruk (BOF5) (tonn),8928
2013,1,Svenskegrensen - Jæren,1: Svenskegrensen - Jæren,Målt ved kjemisk oksygenforbruk (KOF) (tonn),186762
2013,2,Ryfylke,2: Ryfylke,Målt ved kjemisk oksygenforbruk (KOF) (tonn),262576
2013,3,Karmøy - Sotra,3: Karmøy - Sotra,Målt ved kjemisk oksygenforbruk (KOF) (tonn),575335
2013,4,Sotra - Stadt,4: Sotra - Stadt,Målt ved kjemisk oksygenforbruk (KOF) (tonn),368076
2013,5,Stad - Hustadvika,5: Stad - Hustadvika,Målt ved kjemisk oksygenforbruk (KOF) (tonn),229000
2013,6,Nordmøre - Sør-Trøndelag,6: Nordmøre - Sør-Trøndelag,Målt ved kjemisk oksygenforbruk (KOF) (tonn),526162
2013,7,Nord-Trøndelag - Bindal,7: Nord-Trøndelag - Bindal,Målt ved kjemisk oksygenforbruk (KOF) (tonn),159485
2013,8,Helgeland - Bodø,8: Helgeland - Bodø,Målt ved kjemisk oksygenforbruk (KOF) (tonn),166660
2013,9,Vestfjorden - Vesterålen,9: Vestfjorden - Vesterålen,Målt ved kjemisk oksygenforbruk (KOF) (tonn),174993
2013,10,Andfjorden - Senja,10: Andfjorden - Senja,Målt ved kjemisk oksygenforbruk (KOF) (tonn),96222
2013,11,Kvaløya - Loppa,11: Kvaløya - Loppa,Målt ved kjemisk oksygenforbruk (KOF) (tonn),61857
2013,12,Vest-Finnmark,12: Vest-Finnmark,Målt ved kjemisk oksygenforbruk (KOF) (tonn),24390
2013,13,Øst-Finnmark,13: Øst-Finnmark,Målt ved kjemisk oksygenforbruk (KOF) (tonn),21680
2014,1,Svenskegrensen - Jæren,1: Svenskegrensen - Jæren,Målt ved biokjemisk oksygenforbruk (BOF5) (tonn),84543
2014,2,Ryfylke,2: Ryfylke,Målt ved biokjemisk oksygenforbruk (BOF5) (tonn),130352
2014,3,Karmøy - Sotra,3: Karmøy - Sotra,Målt ved biokjemisk oksygenforbruk (BOF5) (tonn),183536
2014,4,Sotra - Stadt,4: Sotra - Stadt,Målt ved biokjemisk oksygenforbruk (BOF5) (tonn),117480
2014,5,Stad - Hustadvika,5: Stad - Hustadvika,Målt ved biokjemisk oksygenforbruk (BOF5) (tonn),91575
2014,6,Nordmøre - Sør-Trøndelag,6: Nordmøre - Sør-Trøndelag,Målt ved biokjemisk oksygenforbruk (BOF5) (tonn),162900
2014,7,Nord-Trøndelag - Bindal,7: Nord-Trøndelag - Bindal,Målt ved biokjemisk oksygenforbruk (BOF5) (tonn),47336
2014,8,Helgeland - Bodø,8: Helgeland - Bodø,Målt ved biokjemisk oksygenforbruk (BOF5) (tonn),68320
2014,9,Vestfjorden - Vesterålen,9: Vestfjorden - Vesterålen,Målt ved biokjemisk oksygenforbruk (BOF5) (tonn),71736
2014,10,Andfjorden - Senja,10: Andfjorden - Senja,Målt ved biokjemisk oksygenforbruk (BOF5) (tonn),37100
2014,11,Kvaløya - Loppa,11: Kvaløya - Loppa,Målt ved biokjemisk oksygenforbruk (BOF5) (tonn),23850
2014,12,Vest-Finnmark,12: Vest-Finnmark,Målt ved biokjemisk oksygenforbruk (BOF5) (tonn),10404
2014,13,Øst-Finnmark,13: Øst-Finnmark,Målt ved biokjemisk oksygenforbruk (BOF5) (tonn),9248
2014,1,Svenskegrensen - Jæren,1: Svenskegrensen - Jæren,Målt ved kjemisk oksygenforbruk (KOF) (tonn),191856
2014,2,Ryfylke,2: Ryfylke,Målt ved kjemisk oksygenforbruk (KOF) (tonn),240304
2014,3,Karmøy - Sotra,3: Karmøy - Sotra,Målt ved kjemisk oksygenforbruk (KOF) (tonn),578587
2014,4,Sotra - Stadt,4: Sotra - Stadt,Målt ved kjemisk oksygenforbruk (KOF) (tonn),369516
2014,5,Stad - Hustadvika,5: Stad - Hustadvika,Målt ved kjemisk oksygenforbruk (KOF) (tonn),220600
2014,6,Nordmøre - Sør-Trøndelag,6: Nordmøre - Sør-Trøndelag,Målt ved kjemisk oksygenforbruk (KOF) (tonn),435172
2014,7,Nord-Trøndelag - Bindal,7: Nord-Trøndelag - Bindal,Målt ved kjemisk oksygenforbruk (KOF) (tonn),128943
2014,8,Helgeland - Bodø,8: Helgeland - Bodø,Målt ved kjemisk oksygenforbruk (KOF) (tonn),165420
2014,9,Vestfjorden - Vesterålen,9: Vestfjorden - Vesterålen,Målt ved kjemisk oksygenforbruk (KOF) (tonn),173691
2014,10,Andfjorden - Senja,10: Andfjorden - Senja,Målt ved kjemisk oksygenforbruk (KOF) (tonn),94024
2014,11,Kvaløya - Loppa,11: Kvaløya - Loppa,Målt ved kjemisk oksygenforbruk (KOF) (tonn),60444
2014,12,Vest-Finnmark,12: Vest-Finnmark,Målt ved kjemisk oksygenforbruk (KOF) (tonn),24102
2014,13,Øst-Finnmark,13: Øst-Finnmark,Målt ved kjemisk oksygenforbruk (KOF) (tonn),21424
2015,1,Svenskegrensen - Jæren,1: Svenskegrensen - Jæren,Målt ved biokjemisk oksygenforbruk (BOF5) (tonn),84500
2015,2,Ryfylke,2: Ryfylke,Målt ved biokjemisk oksygenforbruk (BOF5) (tonn),106720
2015,3,Karmøy - Sotra,3: Karmøy - Sotra,Målt ved biokjemisk oksygenforbruk (BOF5) (tonn),168682
2015,4,Sotra - Stadt,4: Sotra - Stadt,Målt ved biokjemisk oksygenforbruk (BOF5) (tonn),113232
2015,5,Stad - Hustadvika,5: Stad - Hustadvika,Målt ved biokjemisk oksygenforbruk (BOF5) (tonn),104175
2015,6,Nordmøre - Sør-Trøndelag,6: Nordmøre - Sør-Trøndelag,Målt ved biokjemisk oksygenforbruk (BOF5) (tonn),168009
2015,7,Nord-Trøndelag - Bindal,7: Nord-Trøndelag - Bindal,Målt ved biokjemisk oksygenforbruk (BOF5) (tonn),46925
2015,8,Helgeland - Bodø,8: Helgeland - Bodø,Målt ved biokjemisk oksygenforbruk (BOF5) (tonn),59620
2015,9,Vestfjorden - Vesterålen,9: Vestfjorden - Vesterålen,Målt ved biokjemisk oksygenforbruk (BOF5) (tonn),62601
2015,10,Andfjorden - Senja,10: Andfjorden - Senja,Målt ved biokjemisk oksygenforbruk (BOF5) (tonn),26250
2015,11,Kvaløya - Loppa,11: Kvaløya - Loppa,Målt ved biokjemisk oksygenforbruk (BOF5) (tonn),16875
2015,12,Vest-Finnmark,12: Vest-Finnmark,Målt ved biokjemisk oksygenforbruk (BOF5) (tonn),9963
2015,13,Øst-Finnmark,13: Øst-Finnmark,Målt ved biokjemisk oksygenforbruk (BOF5) (tonn),8856
2015,1,Svenskegrensen - Jæren,1: Svenskegrensen - Jæren,Målt ved kjemisk oksygenforbruk (KOF) (tonn),189957
2015,2,Ryfylke,2: Ryfylke,Målt ved kjemisk oksygenforbruk (KOF) (tonn),205952
2015,3,Karmøy - Sotra,3: Karmøy - Sotra,Målt ved kjemisk oksygenforbruk (KOF) (tonn),421907
2015,4,Sotra - Stadt,4: Sotra - Stadt,Målt ved kjemisk oksygenforbruk (KOF) (tonn),271500
2015,5,Stad - Hustadvika,5: Stad - Hustadvika,Målt ved kjemisk oksygenforbruk (KOF) (tonn),199400
2015,6,Nordmøre - Sør-Trøndelag,6: Nordmøre - Sør-Trøndelag,Målt ved kjemisk oksygenforbruk (KOF) (tonn),456638
2015,7,Nord-Trøndelag - Bindal,7: Nord-Trøndelag - Bindal,Målt ved kjemisk oksygenforbruk (KOF) (tonn),137545
2015,8,Helgeland - Bodø,8: Helgeland - Bodø,Målt ved kjemisk oksygenforbruk (KOF) (tonn),129140
2015,9,Vestfjorden - Vesterålen,9: Vestfjorden - Vesterålen,Målt ved kjemisk oksygenforbruk (KOF) (tonn),135597
2015,10,Andfjorden - Senja,10: Andfjorden - Senja,Målt ved kjemisk oksygenforbruk (KOF) (tonn),54082
2015,11,Kvaløya - Loppa,11: Kvaløya - Loppa,Målt ved kjemisk oksygenforbruk (KOF) (tonn),34767
2015,12,Vest-Finnmark,12: Vest-Finnmark,Målt ved kjemisk oksygenforbruk (KOF) (tonn),18918
2015,13,Øst-Finnmark,13: Øst-Finnmark,Målt ved kjemisk oksygenforbruk (KOF) (tonn),16816
2016,1,Svenskegrensen - Jæren,1: Svenskegrensen - Jæren,Målt ved biokjemisk oksygenforbruk (BOF5) (tonn),79061
2016,2,Ryfylke,2: Ryfylke,Målt ved biokjemisk oksygenforbruk (BOF5) (tonn),121488
2016,3,Karmøy - Sotra,3: Karmøy - Sotra,Målt ved biokjemisk oksygenforbruk (BOF5) (tonn),174810
2016,4,Sotra - Stadt,4: Sotra - Stadt,Målt ved biokjemisk oksygenforbruk (BOF5) (tonn),123600
2016,5,Stad - Hustadvika,5: Stad - Hustadvika,Målt ved biokjemisk oksygenforbruk (BOF5) (tonn),111075
2016,6,Nordmøre - Sør-Trøndelag,6: Nordmøre - Sør-Trøndelag,Målt ved biokjemisk oksygenforbruk (BOF5) (tonn),190848
2016,7,Nord-Trøndelag - Bindal,7: Nord-Trøndelag - Bindal,Målt ved biokjemisk oksygenforbruk (BOF5) (tonn),54195
2016,8,Helgeland - Bodø,8: Helgeland - Bodø,Målt ved biokjemisk oksygenforbruk (BOF5) (tonn),65340
2016,9,Vestfjorden - Vesterålen,9: Vestfjorden - Vesterålen,Målt ved biokjemisk oksygenforbruk (BOF5) (tonn),68607
2016,10,Andfjorden - Senja,10: Andfjorden - Senja,Målt ved biokjemisk oksygenforbruk (BOF5) (tonn),27958
2016,11,Kvaløya - Loppa,11: Kvaløya - Loppa,Målt ved biokjemisk oksygenforbruk (BOF5) (tonn),17973
2016,12,Vest-Finnmark,12: Vest-Finnmark,Målt ved biokjemisk oksygenforbruk (BOF5) (tonn),11385
2016,13,Øst-Finnmark,13: Øst-Finnmark,Målt ved biokjemisk oksygenforbruk (BOF5) (tonn),10120
2016,1,Svenskegrensen - Jæren,1: Svenskegrensen - Jæren,Målt ved kjemisk oksygenforbruk (KOF) (tonn),184841
2016,2,Ryfylke,2: Ryfylke,Målt ved kjemisk oksygenforbruk (KOF) (tonn),239968
2016,3,Karmøy - Sotra,3: Karmøy - Sotra,Målt ved kjemisk oksygenforbruk (KOF) (tonn),377281
2016,4,Sotra - Stadt,4: Sotra - Stadt,Målt ved kjemisk oksygenforbruk (KOF) (tonn),259716
2016,5,Stad - Hustadvika,5: Stad - Hustadvika,Målt ved kjemisk oksygenforbruk (KOF) (tonn),210975
2016,6,Nordmøre - Sør-Trøndelag,6: Nordmøre - Sør-Trøndelag,Målt ved kjemisk oksygenforbruk (KOF) (tonn),333250
2016,7,Nord-Trøndelag - Bindal,7: Nord-Trøndelag - Bindal,Målt ved kjemisk oksygenforbruk (KOF) (tonn),93576
2016,8,Helgeland - Bodø,8: Helgeland - Bodø,Målt ved kjemisk oksygenforbruk (KOF) (tonn),140320
2016,9,Vestfjorden - Vesterålen,9: Vestfjorden - Vesterålen,Målt ved kjemisk oksygenforbruk (KOF) (tonn),147336
2016,10,Andfjorden - Senja,10: Andfjorden - Senja,Målt ved kjemisk oksygenforbruk (KOF) (tonn),56168
2016,11,Kvaløya - Loppa,11: Kvaløya - Loppa,Målt ved kjemisk oksygenforbruk (KOF) (tonn),36108
2016,12,Vest-Finnmark,12: Vest-Finnmark,Målt ved kjemisk oksygenforbruk (KOF) (tonn),20547
2016,13,Øst-Finnmark,13: Øst-Finnmark,Målt ved kjemisk oksygenforbruk (KOF) (tonn),18264
2017,1,Svenskegrensen - Jæren,1: Svenskegrensen - Jæren,Målt ved biokjemisk oksygenforbruk (BOF5) (tonn),72547
2017,2,Ryfylke,2: Ryfylke,Målt ved biokjemisk oksygenforbruk (BOF5) (tonn),115872
2017,3,Karmøy - Sotra,3: Karmøy - Sotra,Målt ved biokjemisk oksygenforbruk (BOF5) (tonn),112758
2017,4,Sotra - Stadt,4: Sotra - Stadt,Målt ved biokjemisk oksygenforbruk (BOF5) (tonn),79728
2017,5,Stad - Hustadvika,5: Stad - Hustadvika,Målt ved biokjemisk oksygenforbruk (BOF5) (tonn),98425
2017,6,Nordmøre - Sør-Trøndelag,6: Nordmøre - Sør-Trøndelag,Målt ved biokjemisk oksygenforbruk (BOF5) (tonn),143767
2017,7,Nord-Trøndelag - Bindal,7: Nord-Trøndelag - Bindal,Målt ved biokjemisk oksygenforbruk (BOF5) (tonn),39322
2017,8,Helgeland - Bodø,8: Helgeland - Bodø,Målt ved biokjemisk oksygenforbruk (BOF5) (tonn),60200
2017,9,Vestfjorden - Vesterålen,9: Vestfjorden - Vesterålen,Målt ved biokjemisk oksygenforbruk (BOF5) (tonn),63210
2017,10,Andfjorden - Senja,10: Andfjorden - Senja,Målt ved biokjemisk oksygenforbruk (BOF5) (tonn),27510
2017,11,Kvaløya - Loppa,11: Kvaløya - Loppa,Målt ved biokjemisk oksygenforbruk (BOF5) (tonn),17685
2017,12,Vest-Finnmark,12: Vest-Finnmark,Målt ved biokjemisk oksygenforbruk (BOF5) (tonn),8694
2017,13,Øst-Finnmark,13: Øst-Finnmark,Målt ved biokjemisk oksygenforbruk (BOF5) (tonn),7728
2017,1,Svenskegrensen - Jæren,1: Svenskegrensen - Jæren,Målt ved kjemisk oksygenforbruk (KOF) (tonn),174952
2017,2,Ryfylke,2: Ryfylke,Målt ved kjemisk oksygenforbruk (KOF) (tonn),246784
2017,3,Karmøy - Sotra,3: Karmøy - Sotra,Målt ved kjemisk oksygenforbruk (KOF) (tonn),280180
2017,4,Sotra - Stadt,4: Sotra - Stadt,Målt ved kjemisk oksygenforbruk (KOF) (tonn),188088
2017,5,Stad - Hustadvika,5: Stad - Hustadvika,Målt ved kjemisk oksygenforbruk (KOF) (tonn),197625
2017,6,Nordmøre - Sør-Trøndelag,6: Nordmøre - Sør-Trøndelag,Målt ved kjemisk oksygenforbruk (KOF) (tonn),262038
2017,7,Nord-Trøndelag - Bindal,7: Nord-Trøndelag - Bindal,Målt ved kjemisk oksygenforbruk (KOF) (tonn),70078
2017,8,Helgeland - Bodø,8: Helgeland - Bodø,Målt ved kjemisk oksygenforbruk (KOF) (tonn),128600
2017,9,Vestfjorden - Vesterålen,9: Vestfjorden - Vesterålen,Målt ved kjemisk oksygenforbruk (KOF) (tonn),135030
2017,10,Andfjorden - Senja,10: Andfjorden - Senja,Målt ved kjemisk oksygenforbruk (KOF) (tonn),56924
2017,11,Kvaløya - Loppa,11: Kvaløya - Loppa,Målt ved kjemisk oksygenforbruk (KOF) (tonn),36594
2017,12,Vest-Finnmark,12: Vest-Finnmark,Målt ved kjemisk oksygenforbruk (KOF) (tonn),17091
2017,13,Øst-Finnmark,13: Øst-Finnmark,Målt ved kjemisk oksygenforbruk (KOF) (tonn),15192
2018,1,Svenskegrensen - Jæren,1: Svenskegrensen - Jæren,Målt ved biokjemisk oksygenforbruk (BOF5) (tonn),60871
2018,2,Ryfylke,2: Ryfylke,Målt ved biokjemisk oksygenforbruk (BOF5) (tonn),81120
2018,3,Karmøy - Sotra,3: Karmøy - Sotra,Målt ved biokjemisk oksygenforbruk (BOF5) (tonn),112827
2018,4,Sotra - Stadt,4: Sotra - Stadt,Målt ved biokjemisk oksygenforbruk (BOF5) (tonn),82164
2018,5,Stad - Hustadvika,5: Stad - Hustadvika,Målt ved biokjemisk oksygenforbruk (BOF5) (tonn),97925
2018,6,Nordmøre - Sør-Trøndelag,6: Nordmøre - Sør-Trøndelag,Målt ved biokjemisk oksygenforbruk (BOF5) (tonn),156309
2018,7,Nord-Trøndelag - Bindal,7: Nord-Trøndelag - Bindal,Målt ved biokjemisk oksygenforbruk (BOF5) (tonn),43598
2018,8,Helgeland - Bodø,8: Helgeland - Bodø,Målt ved biokjemisk oksygenforbruk (BOF5) (tonn),57080
2018,9,Vestfjorden - Vesterålen,9: Vestfjorden - Vesterålen,Målt ved biokjemisk oksygenforbruk (BOF5) (tonn),59934
2018,10,Andfjorden - Senja,10: Andfjorden - Senja,Målt ved biokjemisk oksygenforbruk (BOF5) (tonn),32466
2018,11,Kvaløya - Loppa,11: Kvaløya - Loppa,Målt ved biokjemisk oksygenforbruk (BOF5) (tonn),20871
2018,12,Vest-Finnmark,12: Vest-Finnmark,Målt ved biokjemisk oksygenforbruk (BOF5) (tonn),8550
2018,13,Øst-Finnmark,13: Øst-Finnmark,Målt ved biokjemisk oksygenforbruk (BOF5) (tonn),7600
2018,1,Svenskegrensen - Jæren,1: Svenskegrensen - Jæren,Målt ved kjemisk oksygenforbruk (KOF) (tonn),148398
2018,2,Ryfylke,2: Ryfylke,Målt ved kjemisk oksygenforbruk (KOF) (tonn),205504
2018,3,Karmøy - Sotra,3: Karmøy - Sotra,Målt ved kjemisk oksygenforbruk (KOF) (tonn),277042
2018,4,Sotra - Stadt,4: Sotra - Stadt,Målt ved kjemisk oksygenforbruk (KOF) (tonn),188136
2018,5,Stad - Hustadvika,5: Stad - Hustadvika,Målt ved kjemisk oksygenforbruk (KOF) (tonn),197450
2018,6,Nordmøre - Sør-Trøndelag,6: Nordmøre - Sør-Trøndelag,Målt ved kjemisk oksygenforbruk (KOF) (tonn),276642
2018,7,Nord-Trøndelag - Bindal,7: Nord-Trøndelag - Bindal,Målt ved kjemisk oksygenforbruk (KOF) (tonn),74862
2018,8,Helgeland - Bodø,8: Helgeland - Bodø,Målt ved kjemisk oksygenforbruk (KOF) (tonn),122200
2018,9,Vestfjorden - Vesterålen,9: Vestfjorden - Vesterålen,Målt ved kjemisk oksygenforbruk (KOF) (tonn),128310
2018,10,Andfjorden - Senja,10: Andfjorden - Senja,Målt ved kjemisk oksygenforbruk (KOF) (tonn),64862
2018,11,Kvaløya - Loppa,11: Kvaløya - Loppa,Målt ved kjemisk oksygenforbruk (KOF) (tonn),41697
2018,12,Vest-Finnmark,12: Vest-Finnmark,Målt ved kjemisk oksygenforbruk (KOF) (tonn),16803
2018,13,Øst-Finnmark,13: Øst-Finnmark,Målt ved kjemisk oksygenforbruk (KOF) (tonn),14936
2019,1,Svenskegrensen - Jæren,1: Svenskegrensen - Jæren,Målt ved biokjemisk oksygenforbruk (BOF5) (tonn),52669
2019,2,Ryfylke,2: Ryfylke,Målt ved biokjemisk oksygenforbruk (BOF5) (tonn),69360
2019,3,Karmøy - Sotra,3: Karmøy - Sotra,Målt ved biokjemisk oksygenforbruk (BOF5) (tonn),105687
2019,4,Sotra - Stadt,4: Sotra - Stadt,Målt ved biokjemisk oksygenforbruk (BOF5) (tonn),102468
2019,5,Stad - Hustadvika,5: Stad - Hustadvika,Målt ved biokjemisk oksygenforbruk (BOF5) (tonn),121900
2019,6,Nordmøre - Sør-Trøndelag,6: Nordmøre - Sør-Trøndelag,Målt ved biokjemisk oksygenforbruk (BOF5) (tonn),160425
2019,7,Nord-Trøndelag - Bindal,7: Nord-Trøndelag - Bindal,Målt ved biokjemisk oksygenforbruk (BOF5) (tonn),41724
2019,8,Helgeland - Bodø,8: Helgeland - Bodø,Målt ved biokjemisk oksygenforbruk (BOF5) (tonn),57680
2019,9,Vestfjorden - Vesterålen,9: Vestfjorden - Vesterålen,Målt ved biokjemisk oksygenforbruk (BOF5) (tonn),60564
2019,10,Andfjorden - Senja,10: Andfjorden - Senja,Målt ved biokjemisk oksygenforbruk (BOF5) (tonn),46424
2019,11,Kvaløya - Loppa,11: Kvaløya - Loppa,Målt ved biokjemisk oksygenforbruk (BOF5) (tonn),29844
2019,12,Vest-Finnmark,12: Vest-Finnmark,Målt ved biokjemisk oksygenforbruk (BOF5) (tonn),9378
2019,13,Øst-Finnmark,13: Øst-Finnmark,Målt ved biokjemisk oksygenforbruk (BOF5) (tonn),8336
2019,1,Svenskegrensen - Jæren,1: Svenskegrensen - Jæren,Målt ved kjemisk oksygenforbruk (KOF) (tonn),148094
2019,2,Ryfylke,2: Ryfylke,Målt ved kjemisk oksygenforbruk (KOF) (tonn),171776
2019,3,Karmøy - Sotra,3: Karmøy - Sotra,Målt ved kjemisk oksygenforbruk (KOF) (tonn),255443
2019,4,Sotra - Stadt,4: Sotra - Stadt,Målt ved kjemisk oksygenforbruk (KOF) (tonn),188724
2019,5,Stad - Hustadvika,5: Stad - Hustadvika,Målt ved kjemisk oksygenforbruk (KOF) (tonn),246850
2019,6,Nordmøre - Sør-Trøndelag,6: Nordmøre - Sør-Trøndelag,Målt ved kjemisk oksygenforbruk (KOF) (tonn),290330
2019,7,Nord-Trøndelag - Bindal,7: Nord-Trøndelag - Bindal,Målt ved kjemisk oksygenforbruk (KOF) (tonn),72726
2019,8,Helgeland - Bodø,8: Helgeland - Bodø,Målt ved kjemisk oksygenforbruk (KOF) (tonn),121720
2019,9,Vestfjorden - Vesterålen,9: Vestfjorden - Vesterålen,Målt ved kjemisk oksygenforbruk (KOF) (tonn),127806
2019,10,Andfjorden - Senja,10: Andfjorden - Senja,Målt ved kjemisk oksygenforbruk (KOF) (tonn),95326
2019,11,Kvaløya - Loppa,11: Kvaløya - Loppa,Målt ved kjemisk oksygenforbruk (KOF) (tonn),61281
2019,12,Vest-Finnmark,12: Vest-Finnmark,Målt ved kjemisk oksygenforbruk (KOF) (tonn),18297
2019,13,Øst-Finnmark,13: Øst-Finnmark,Målt ved kjemisk oksygenforbruk (KOF) (tonn),16264
2020,1,Svenskegrensen - Jæren,1: Svenskegrensen - Jæren,Målt ved biokjemisk oksygenforbruk (BOF5) (tonn),16200
2020,2,Ryfylke,2: Ryfylke,Målt ved biokjemisk oksygenforbruk (BOF5) (tonn),86400
2020,3,Karmøy - Sotra,3: Karmøy - Sotra,Målt ved biokjemisk oksygenforbruk (BOF5) (tonn),21600
2020,4,Sotra - Stadt,4: Sotra - Stadt,Målt ved biokjemisk oksygenforbruk (BOF5) (tonn),0
2020,5,Stad - Hustadvika,5: Stad - Hustadvika,Målt ved biokjemisk oksygenforbruk (BOF5) (tonn),119500
2020,6,Nordmøre - Sør-Trøndelag,6: Nordmøre - Sør-Trøndelag,Målt ved biokjemisk oksygenforbruk (BOF5) (tonn),159373
2020,7,Nord-Trøndelag - Bindal,7: Nord-Trøndelag - Bindal,Målt ved biokjemisk oksygenforbruk (BOF5) (tonn),41688
2020,8,Helgeland - Bodø,8: Helgeland - Bodø,Målt ved biokjemisk oksygenforbruk (BOF5) (tonn),57600
2020,9,Vestfjorden - Vesterålen,9: Vestfjorden - Vesterålen,Målt ved biokjemisk oksygenforbruk (BOF5) (tonn),60480
2020,10,Andfjorden - Senja,10: Andfjorden - Senja,Målt ved biokjemisk oksygenforbruk (BOF5) (tonn),0
2020,11,Kvaløya - Loppa,11: Kvaløya - Loppa,Målt ved biokjemisk oksygenforbruk (BOF5) (tonn),0
2020,12,Vest-Finnmark,12: Vest-Finnmark,Målt ved biokjemisk oksygenforbruk (BOF5) (tonn),0
2020,13,Øst-Finnmark,13: Øst-Finnmark,Målt ved biokjemisk oksygenforbruk (BOF5) (tonn),0
2020,1,Svenskegrensen - Jæren,1: Svenskegrensen - Jæren,Målt ved kjemisk oksygenforbruk (KOF) (tonn),37038
2020,2,Ryfylke,2: Ryfylke,Målt ved kjemisk oksygenforbruk (KOF) (tonn),197536
2020,3,Karmøy - Sotra,3: Karmøy - Sotra,Målt ved kjemisk oksygenforbruk (KOF) (tonn),49384
2020,4,Sotra - Stadt,4: Sotra - Stadt,Målt ved kjemisk oksygenforbruk (KOF) (tonn),0
2020,5,Stad - Hustadvika,5: Stad - Hustadvika,Målt ved kjemisk oksygenforbruk (KOF) (tonn),236875
2020,6,Nordmøre - Sør-Trøndelag,6: Nordmøre - Sør-Trøndelag,Målt ved kjemisk oksygenforbruk (KOF) (tonn),278589
2020,7,Nord-Trøndelag - Bindal,7: Nord-Trøndelag - Bindal,Målt ved kjemisk oksygenforbruk (KOF) (tonn),69930
2020,8,Helgeland - Bodø,8: Helgeland - Bodø,Målt ved kjemisk oksygenforbruk (KOF) (tonn),119720
2020,9,Vestfjorden - Vesterålen,9: Vestfjorden - Vesterålen,Målt ved kjemisk oksygenforbruk (KOF) (tonn),125706
2020,10,Andfjorden - Senja,10: Andfjorden - Senja,Målt ved kjemisk oksygenforbruk (KOF) (tonn),0
2020,11,Kvaløya - Loppa,11: Kvaløya - Loppa,Målt ved kjemisk oksygenforbruk (KOF) (tonn),0
2020,12,Vest-Finnmark,12: Vest-Finnmark,Målt ved kjemisk oksygenforbruk (KOF) (tonn),0
2020,13,Øst-Finnmark,13: Øst-Finnmark,Målt ved kjemisk oksygenforbruk (KOF) (tonn),0
